[
    {
        "name": "main_heading",
        "id": "main_heading",
        "type": "text",
        "label": "Heading",
        "value": "",
        "place_holder": "Section Heading",
        "class": "form-control"
    },
    {
        "name": "title1",
        "id": "title1",
        "type": "text",
        "label": "Title 1",
        "value": "",
        "place_holder": "Title",
        "class": "form-control"
    },
    {
        "name": "short_desc1",
        "id": "short_desc1",
        "type": "textarea",
        "label": "Description",
        "value": "",
        "place_holder": "",
        "class": "form-control",
        "rows": "4"
    },
    {
        "name": "icon1",
        "id": "icon1",
        "type": "text",
        "label": "Icon",
        "value": "",
        "place_holder": "Icon",
        "class": "form-control"
    },
    {
        "name": "title2",
        "id": "title2",
        "type": "text",
        "label": "Title 2",
        "value": "",
        "place_holder": "Title",
        "class": "form-control"
    },
    {
        "name": "short_desc2",
        "id": "short_desc2",
        "type": "textarea",
        "label": "Description",
        "value": "",
        "place_holder": "",
        "class": "form-control",
        "rows": "4"
    },
    {
        "name": "icon2",
        "id": "icon2",
        "type": "text",
        "label": "Icon",
        "value": "",
        "place_holder": "Icon",
        "class": "form-control"
    },
    {
        "name": "title3",
        "id": "title3",
        "type": "text",
        "label": "Title 3",
        "value": "",
        "place_holder": "Title",
        "class": "form-control"
    },
    {
        "name": "short_desc3",
        "id": "short_desc3",
        "type": "textarea",
        "label": "Description",
        "value": "",
        "place_holder": "",
        "class": "form-control",
        "rows": "4"
    },
    {
        "name": "icon3",
        "id": "icon3",
        "type": "text",
        "label": "Icon",
        "value": "",
        "place_holder": "Icon",
        "class": "form-control"
    },
    {
        "name": "heading2",
        "id": "heading2",
        "type": "text",
        "label": "Heading",
        "value": "",
        "place_holder": "Section Heading 2",
        "class": "form-control"
    },
    {
        "name": "short_desc",
        "id": "short_desc",
        "type": "textarea",
        "label": "Description",
        "value": "",
        "place_holder": "",
        "class": "form-control",
        "rows": "4"
    },
    {
        "name": "google_store_url",
        "id": "google_store_url",
        "type": "text",
        "label": "Google Store Url",
        "value": "",
        "place_holder": "Google Store Url",
        "class": "form-control"
    },
    {
        "name": "app_store_url",
        "id": "app_store_url",
        "type": "text",
        "label": "App Store Url",
        "value": "",
        "place_holder": "Apple Store Url",
        "class": "form-control"
    },
    {
        "name": "image",
        "id": "image",
        "type": "file",
        "label": "Image",
        "value": "",
        "class": "form-control",
        "style": "width:120px;max-width:100%;margin-top:12px"
    },
    {
        "name": "image",
        "type": "hidden",
        "value": ""
    },
    {
        "name": "image",
        "id": "image",
        "type": "file",
        "label": "Image",
        "value": "",
        "class": "form-control",
        "style": "width:120px;max-width:100%;margin-top:12px"
    },
    {
        "name": "image",
        "type": "hidden",
        "value": ""
    }
]
