[
    {
        "name": "main_heading",
        "id": "main_heading",
        "type": "text",
        "label": "Heading",
        "value": "",
        "place_holder": "Section Heading",
        "class": "form-control"
    },
    {
        "name": "short_desc",
        "id": "short_desc",
        "type": "textarea",
        "label": "Description",
        "value": "",
        "place_holder": "",
        "class": "form-control",
        "rows": "4"
    },

    {
        "name": "image_1",
        "id": "image_1",
        "type": "file",
        "label": "Image",
        "value": "",
        "class": "form-control",
        "style": "width:120px;max-width:100%;margin-top:12px"
    },
    {
        "name": "image_1",
        "type": "hidden",
        "value": ""
    }
]
